SiteID,Designatio,LAT,LONG,COMID,ElevCat,Precip8110Ws,Tmean8110Ws,WsAreaSqKm
7326,Cal,40.79740143,-111.7099991,10389342,1979.04,904.52,6.56,7.6653
8059,Cal,33.6194,-110.921,22442058,783.76,594.83,11.18,11060.7723
8165,Cal,34.53860092,-111.6940002,20435246,1233.73,631.73,9.74,626.5647
9735,Cal,47.5143013,-123.3300018,24285534,434.87,3786.13,6.76,147.429
9798,Cal,47.38650131,-121.8460007,24537924,331.1,2506.21,7.67,44.8272
9800,Cal,47.40309906,-121.8990021,947110254,292.82,1928.95,9.02,12.8943
9812,Cal,48.7322998,-121.1669998,24255741,1104.12,2608.19,5.05,52.6347
9814,Cal,48.68119812,-121.2730026,24255763,599.13,2757.42,5.14,100.6497
9896,Cal,41.09400177,-122.1169968,7960917,684.59,1453.7,9,1072.9179
9926,Cal,39.76679993,-121.7789993,12076092,210.53,1507.36,13.53,191.7144
9956,Cal,40.01399994,-121.947998,8020924,394.34,1465,11.2,542.574
9964,Cal,39.72880173,-121.7040024,1680009,144.14,1656.77,12.33,391.2813
9966,Cal,39.90879822,-121.6179962,2770154,756.94,1778.17,10.71,260.5815
9982,Cal,39.89319992,-121.6930008,8021798,538.25,1597.94,12.82,153.5715
9988,Cal,40.10240173,-121.4970016,2769744,1475.44,1822.98,8.22,84.1284
9990,Cal,40.18769836,-121.5319977,8020536,1305.7,1512.03,8.71,249.9579
10836,Cal,38.78419876,-106.8710022,1333198,2665.67,960.45,1.1,613.845
10856,Cal,40.32580185,-105.8570023,1234461,2786.87,837.6,0.19,170.2152
11606,Cal,46.83190155,-114.0540009,24319206,1019,801.43,4.38,7265.2734
11636,Cal,47.05599976,-115.3529968,23004793,1333.04,1409.82,4.37,312.2613
11909,Cal,37.79779816,-105.5029984,17890674,2995.29,761,2.75,41.8824
16357,Cal,46.94350052,-116.6380005,23460235,848.07,1045.82,6.68,147.4722
16390,Cal,38.16329956,-106.2910004,17880874,2514.33,567.83,2.63,1339.7679
16502,Cal,37.8223,-106.909,17906593,2678.68,811.14,1.13,1743.5673
16535,Cal,35.77640152,-106.2689972,17833378,1971.54,555.29,7.97,49.4163
16969,Cal,40.66439819,-105.223999,2900705,1692.6,554.93,4.21,2733.7617
23588,Cal,41.02999878,-111.8980026,10274816,2716.11,1324.4,3.34,0.8496
23681,Cal,40.63830185,-111.262001,10092644,2104.45,840.45,4.19,119.9394
23689,Cal,40.73720169,-111.2480011,10093110,2188.08,951.09,3.04,421.7409
23691,Cal,40.78530121,-111.1620026,10092410,2285.3,993.35,2.55,310.3605
23719,Cal,40.7798996,-111.8059998,10389424,1841.45,637.32,8.43,0.8082
25354,Cal,38.87820053,-119.689003,8924007,1563.71,883.99,6.03,970.4538
25411,Cal,38.77690125,-119.8990021,8922481,2314.99,1121.04,5.3,139.0149
26191,Cal,42.32460022,-114.2730026,24491164,1614.17,683.51,6.38,136.7487
26203,Cal,42.45270157,-114.8619995,23195924,1230.34,385.56,6.47,5019.6123
26206,Cal,43.77959824,-114.4960022,23251503,2058.03,883.96,1.06,17.1603
26209,Cal,43.49160004,-114.0589981,23267066,1663.6,538.94,4.03,639.1134
26216,Cal,44.09889984,-110.6679993,23123539,2081.09,987.34,1.2,1227.2895
26220,Cal,42.52550125,-110.8840027,23135935,2385.39,926.57,2.5,62.0577
26236,Cal,43.04249954,-112.5500031,24558407,1350.24,271.21,7.77,86.7699
26240,Cal,44.25889969,-112.4100037,23227762,1795.86,537.56,3.02,546.5439
26251,Cal,43.29859924,-110.5179977,24432901,2096.94,772.28,2.07,54.8964
26255,Cal,43.11880112,-110.8570023,24432181,2104.27,878.54,2.42,893.0223
26259,Cal,44.12799835,-111.1740036,24459696,1889.06,1018.01,3.03,93.9888
26263,Cal,44.0685997,-111.2409973,23141935,1739.22,1209.46,2.07,848.4408
26267,Cal,43.93799973,-111.1790009,24469992,1833.6,1127.51,2.5,210.2949
26316,Cal,43.99829865,-114.0210037,23238594,2121.64,663.44,1.39,1143.3753
26404,Cal,44.26350021,-123.3909988,23763103,293.33,1396.02,11.18,16.6932
26422,Cal,44.667099,-123.2779999,23762819,195.69,1557.84,10.86,26.5275
26443,Cal,44.95569992,-122.6279984,23800734,332.12,1958.58,9.39,25.3368
26453,Cal,45.64339828,-123.3700027,23805078,478.17,2106.38,8.89,19.1952
26891,Cal,36.87469864,-119.1419983,22050527,357.98,1037.03,5.84,3473.5815
26972,Cal,37.53939819,-119.6220016,21610433,1406.14,1330.36,6,186.6915
26978,Cal,37.65019989,-119.8860016,21610027,829.82,1173.04,9.57,623.3292
26990,Cal,37.74300003,-119.5660019,21609435,1543.19,1310.86,5.29,122.6664
26994,Cal,37.74489975,-119.552002,21609435,1543.19,1310.86,5.29,122.6664
27027,Cal,37.73160172,-119.5589981,21609533,1684.23,1220.55,4.16,470.6451
27031,Cal,37.71689987,-119.6660004,21609641,1927.58,1225.71,5.2,835.7553
27044,Cal,37.73799896,-119.5619965,21609533,1684.23,1220.55,4.16,470.6451
27048,Cal,37.73910141,-119.5999985,21609461,1556.17,1248.14,4.71,724.806
27052,Cal,37.74269867,-119.572998,21609449,1620.63,1237.62,4.45,599.1759
27056,Cal,37.74269867,-119.5790024,21609449,1620.63,1237.62,4.45,599.1759
58285,Cal,47.41939926,-115.6029968,22937148,1326.14,1243.45,4.63,51.9498
58324,Cal,47.38439941,-115.401001,22937120,1023.85,1074.18,5.08,233.6724
58785,Cal,45.00299835,-110.0019989,2962790,2478.62,917.2,0.39,94.4937
58884,Cal,45.11190033,-110.7939987,4369760,1858.73,776.66,1.05,6781.9968
58904,Cal,45.59719849,-110.5660019,4366016,1594.25,742.87,1.64,9197.2233
59139,Cal,44.84939957,-107.3050003,5336835,1597.68,701.1,1.58,533.9574
60164,Cal,47.2969017,-115.1230011,22937058,1046.13,1004.39,5.27,787.4865
60980,Cal,47.52550125,-115.8010025,23002230,1537.47,1317.27,4.38,51.7941
61730,Cal,47.70709991,-115.9779968,24373072,898.14,1161.04,5.87,866.4642
61738,Cal,47.70159912,-115.8600006,24372992,1254.95,1248.94,5.17,30.7989
61750,Cal,47.56880188,-116.2529984,24372850,739.38,1163.49,6.05,2315.7891
63122,Cal,46.31100082,-120.788002,23100178,415.43,741.1,6.73,315.5022
63561,Cal,46.5359993,-120.4729996,23099884,364.45,628.01,6.9,430.0803
63578,Cal,46.24990082,-120.3789978,23100260,382.86,525.61,8.06,1136.1681
87087,Cal,40.96519852,-110.8539963,7887898,2428.34,865.72,1.64,456.3333
87643,Cal,34.17060089,-116.8310013,22559686,2427.36,1036.29,6.3,18.4869
95383,Cal,40.35390091,-105.5839996,13584,2466.5,917.77,0.46,103.8159
120225,Cal,46.25370026,-120.4079971,23100264,328.81,541.29,8.15,399.6819
120747,Cal,47.29470062,-120.1490021,23208362,541.67,549.63,6.76,92.8197
HAWK-1,Cal,35.77539825,-105.7040024,20814404,2796.65,820.75,4.33,26.3025
HAWK-10,Cal,39.23730087,-114.5699997,11338865,2224.92,605.8,2.75,28.8351
HAWK-100,Cal,37.27389908,-106.6179962,17875339,3374.42,1246.51,1.01,9.8136
HAWK-101,Cal,38.05089951,-107.8099976,9769836,2711.99,900.01,2.24,47.0457
HAWK-102,Cal,38.10599899,-107.0350037,3253571,2890.19,611.59,1.24,451.9872
HAWK-103,Cal,38.1753006,-107.387001,3253585,3538.29,817.34,0.57,44.0325
HAWK-104,Cal,38.45100021,-106.3410034,9773427,3324.69,723.19,0.53,29.2221
HAWK-105,Cal,38.05609894,-105.5790024,922209,3256.91,813.47,1.81,14.0544
HAWK-106,Cal,38.2635994,-105.1930008,949257,1960.88,531.76,7.67,60.0255
HAWK-107,Cal,39.18560028,-105.3909988,190801,2730.86,803.45,1.82,172.8315
HAWK-108,Cal,39.24700165,-105.3580017,191307,2742.02,687.8,3.86,44.8425
HAWK-109,Cal,39.37459946,-105.6839981,5239394,3268.12,633.17,0.72,17.0469
HAWK-11,Cal,39.43600082,-114.5630035,11337805,1996.13,271.86,8.04,5.1345
HAWK-110,Cal,38.87080002,-106.2659988,917613,3377.34,866.03,-0.97,30.8655
HAWK-111,Cal,39.46360016,-106.2979965,1320826,3366.58,761.18,0.58,14.2425
HAWK-112,Cal,39.05189896,-106.3899994,916855,3594.14,818.8,-1.14,18.5886
HAWK-113,Cal,38.98619843,-106.6969986,1332642,3275.66,1019.67,-0.34,61.8012
HAWK-114,Cal,38.86460114,-107.3349991,1337426,2253.76,831.1,3.67,261.9927
HAWK-116,Cal,39.21689987,-106.3980026,916523,3502.28,834.81,-0.52,30.9123
HAWK-117,Cal,39.28530121,-106.4489975,916469,3423.07,827.56,0.03,20.8386
HAWK-119,Cal,31.86470032,-109.3310013,21263977,2064.96,872.66,9.89,6.9903
HAWK-120,Cal,31.85160065,-109.1949997,21309131,1727.26,732.41,10.85,21.4722
HAWK-121,Cal,31.63409996,-110.1760025,15932597,1240.55,429.81,16.35,3174.9993
HAWK-122,Cal,32.3504982,-110.2360001,15919741,1347.56,468.68,14.96,89.9478
HAWK-123,Cal,32.74340057,-109.8399963,21331123,1809.87,790.85,9.8,10.9773
HAWK-126,Cal,33.82360077,-110.8600006,22440708,1372.83,645.95,13.29,8.6364
HAWK-127,Cal,34.55379868,-111.4089966,20435194,2018.17,657.44,8.77,372.258
HAWK-133,Cal,37.3783989,-113.4469986,10023092,2249.86,762.52,5.43,23.2326
HAWK-134,Cal,37.65209961,-112.7559967,10817934,3015.2,917.75,2.21,29.5758
HAWK-137,Cal,38.21549988,-112.5339966,1215381,2181.73,616.89,5.51,13.338
HAWK-138,Cal,38.28219986,-112.4459991,1215175,2806.38,854.46,3.61,26.1567
HAWK-139,Cal,38.33819962,-112.5410004,1214885,2280.01,778.03,4.42,62.2314
HAWK-14,Cal,41.44660187,-117.6660004,11138096,2188.1,718.41,5.69,11.547
HAWK-141,Cal,41.29740143,-111.560997,10274176,2006.79,885.61,5.06,64.1502
HAWK-142,Cal,40.80020142,-111.7710037,10389392,1918.12,717.15,7.95,1.8117
HAWK-143,Cal,41.8783989,-111.5630035,664174,2000.37,1075.11,3.95,258.5997
HAWK-145,Cal,41.71480179,-111.8410034,664510,1391.87,916.15,4.99,639.2106
HAWK-146,Cal,41.97489929,-111.7289963,4564426,1981.44,993.22,5.07,43.0074
HAWK-147,Cal,42.0984993,-111.5350037,4471111,2328.61,1106.59,3.85,22.2831
HAWK-148,Cal,42.3044014,-112.1330032,23156300,1911.07,707.16,6.2,15.9579
HAWK-149,Cal,47.91690063,-112.8239975,12744315,2095.55,1001.72,1.84,8.4096
HAWK-15,Cal,41.56750107,-117.7289963,11851167,2068.7,614.96,6.29,12.3147
HAWK-150,Cal,47.97109985,-112.810997,12744253,1857.55,935.06,1.91,56.7369
HAWK-151,Cal,47.49169922,-112.9100037,12398612,1740.65,972.3,2.22,119.2437
HAWK-152,Cal,46.84640121,-110.9580002,12421265,1768.49,691.44,2.65,27.4014
HAWK-153,Cal,46.95100021,-111.1640015,12418417,1458.46,648.56,3.05,205.8903
HAWK-156,Cal,45.13339996,-108.4280014,12799788,1960.13,481.55,4.36,19.3149
HAWK-157,Cal,45.3987999,-109.9609985,7186008,2327.49,926.93,0.29,123.9039
HAWK-158,Cal,45.32300186,-110.2320023,4368592,2165.19,948.46,0.56,221.7762
HAWK-159,Cal,45.34049988,-110.2470016,4368484,2214.08,911.75,0.86,35.4546
HAWK-16,Cal,41.8146019,-117.447998,11135370,2018.4,604.19,5.39,13.5081
HAWK-160,Cal,45.53850174,-110.5810013,4365820,1422.92,749.44,1.5,8830.8117
HAWK-161,Cal,45.50630188,-110.7890015,4365280,2182.5,836.41,1.97,7.9308
HAWK-162,Cal,45.30339813,-110.9400024,4368708,2059.44,861.46,1.42,121.7331
HAWK-163,Cal,45.06169891,-111.2649994,3856337,2237.65,938.81,0.85,237.6099
HAWK-164,Cal,45.39039993,-111.2399979,3855635,2220.57,1060.03,1.03,18.4086
HAWK-165,Cal,45.39509964,-111.2070007,3855617,1993.48,874.04,1.46,1640.0781
HAWK-166,Cal,45.62670135,-111.4140015,3052544,1565.82,492.77,5.28,56.1069
HAWK-167,Cal,45.34080124,-111.7180023,3054580,1527.53,784.66,1.8,4323.564
HAWK-170,Cal,45.86840057,-113.2269974,4224338,1873.89,878.62,2.01,131.5152
HAWK-171,Cal,45.99850082,-113.1900024,4222288,2224.44,903.87,0.88,33.0426
HAWK-172,Cal,46.29740143,-113.6699982,24309875,1852.67,844.64,2.54,44.9649
HAWK-173,Cal,46.19269943,-114.2580032,24319902,1450.02,1373.96,3.38,67.7052
HAWK-174,Cal,47.71289825,-115.1279984,22977424,1569.19,1250.78,4.51,9.2394
HAWK-175,Cal,48.12139893,-115.6999969,22977074,1224.4,1619.89,3.95,28.7289
HAWK-176,Cal,48.86330032,-115.6190033,22900694,1031.36,993.56,4.01,39.3831
HAWK-177,Cal,48.74259949,-114.7310028,24345057,1782.42,1399.79,2.15,4.6107
HAWK-179,Cal,45.60469818,-111.8970032,4319608,1958.08,876.31,1.67,79.7859
HAWK-18,Cal,40.48529816,-115.5630035,10752657,2356.95,579.33,5.41,8.514
HAWK-19,Cal,40.76760101,-115.276001,10786082,2578.47,756.72,3.44,12.1806
HAWK-194,Cal,38.15869904,-115.6350021,19802567,2250.08,427.17,6.62,17.973
HAWK-195,Cal,38.34349823,-115.5510025,11396982,2292.62,446.68,5.42,13.5477
HAWK-198,Cal,38.62260056,-116.9530029,19827942,2603.78,475.05,5.52,7.3332
HAWK-199,Cal,38.66669846,-116.6100006,11126549,2851.49,576.24,4.47,23.7978
HAWK-2,Cal,33.46099854,-105.8079987,20772126,2501.37,803.12,8.17,15.651
HAWK-20,Cal,44.71699905,-116.5479965,24184540,1258.2,869.12,6.14,41.3271
HAWK-200,Cal,38.68560028,-117.3399963,19871948,2115.87,441.86,5.67,72.1242
HAWK-201,Cal,38.80870056,-117.4260025,11179203,2327.25,557.41,4.16,90.0648
HAWK-202,Cal,39.11119843,-117.2799988,11178277,2394.27,440.53,6.12,11.1159
HAWK-203,Cal,39.24900055,-117.072998,10694147,2490.03,431.29,5.76,8.1252
HAWK-204,Cal,38.87469864,-117.2529984,10696957,2447.89,538.97,4.71,50.2371
HAWK-205,Cal,39.39509964,-119.9029999,8935184,2402.36,1090.86,4.74,9.4617
HAWK-206,Cal,38.78929901,-119.8789978,8922479,2474.43,867.71,5.28,9.7371
HAWK-208,Cal,38.49430084,-119.6080017,8924919,2407.31,975.17,3.39,53.2215
HAWK-210,Cal,44.24000168,-107.223999,12829302,2807.4,852.65,-1.36,43.2549
HAWK-211,Cal,44.32559967,-106.8180008,5380386,1919.1,660.63,1.5,294.8679
HAWK-212,Cal,44.84669876,-107.3310013,5336835,1597.68,701.1,1.58,533.9574
HAWK-213,Cal,44.75690079,-107.6230011,5335925,2548.78,824.56,0.39,81.4779
HAWK-216,Cal,42.16139984,-106.9199982,15975928,2153.62,419.35,5.52,21.9132
HAWK-217,Cal,41.28310013,-107.1190033,15982733,2706.42,831.18,3.34,42.768
HAWK-218,Cal,41.17179871,-107.2139969,18275625,2412.19,791.12,3.56,67.8321
HAWK-219,Cal,41.1595993,-106.8909988,15984327,2632.93,1331.3,1.67,42.165
HAWK-22,Cal,45.13259888,-116.4160004,23568951,1619.75,1179,4.65,38.2743
HAWK-220,Cal,41.00799942,-106.8160019,15984863,2603.41,1294.27,1.48,113.5305
HAWK-222,Cal,41.52529907,-106.3909988,15968529,2683.65,973.52,1.03,65.8701
HAWK-223,Cal,41.3506012,-106.1610031,17493897,2822.71,844.4,0.97,38.5866
HAWK-224,Cal,42.40909958,-105.6100006,22093595,2133.37,587.82,4.13,151.1793
HAWK-225,Cal,42.68059921,-108.6729965,12882828,1780.24,680.86,1.9,202.2966
HAWK-226,Cal,42.53749847,-109.2030029,18300126,2457.59,750.68,0.79,54.972
HAWK-227,Cal,42.58449936,-109.9199982,18351849,2091.6,513.85,1.55,3229.5312
HAWK-228,Cal,42.09809875,-110.2020035,18354129,1997.71,507.28,2.84,547.8462
HAWK-230,Cal,42.3995018,-110.5559998,18352795,2391.73,824.93,1.67,139.068
HAWK-231,Cal,42.36539841,-110.8410034,7899661,2277.02,848.59,2.41,219.879
HAWK-233,Cal,43.45550156,-110.7099991,24432663,2509.6,824.04,2.57,29.493
HAWK-235,Cal,44.13880157,-110.8150024,23143765,2259.24,1298.91,1.57,72.999
HAWK-236,Cal,44.74869919,-110.677002,3061578,2411.02,674.58,0.86,52.4709
HAWK-237,Cal,44.88669968,-109.6579971,4269162,2165.54,989.9,0.02,534.1878
HAWK-24,Cal,44.52610016,-116.1119995,24178377,1738.53,994,3.98,6.3243
HAWK-241,Cal,43.58890152,-106.9540024,5351881,1914.03,535.94,3.81,235.3968
HAWK-242,Cal,43.40100098,-109.5879974,12899832,2837.72,787.41,-0.93,46.3878
HAWK-244,Cal,46.51089859,-121.5719986,23745396,1371.6,1842.16,4.23,13.4001
HAWK-246,Cal,44.21480179,-124.0130005,23886166,314,2248.95,10.63,38.4363
HAWK-249,Cal,42.57220078,-124.0360031,23940973,218,2667.17,10.98,92.3508
HAWK-25,Cal,44.78160095,-115.8710022,24177201,1813.06,1207.83,2.96,56.2068
HAWK-250,Cal,41.97449875,-123.177002,23936145,1153.76,1269.42,10.04,16.9263
HAWK-251,Cal,42.94459915,-122.6569977,23901651,933.95,1537.37,8.18,46.2213
HAWK-252,Cal,43.54759979,-122.7220001,23760280,1084.21,1689.24,9.03,3.4794
HAWK-254,Cal,46.37950134,-121.5719986,23745736,1158.52,1690.39,4.94,7.8264
HAWK-258,Cal,43.97480011,-122.5449982,23752932,556.56,1747.51,10.22,3.5784
HAWK-26,Cal,44.38290024,-115.7590027,24164207,1812.05,1095.09,3.66,18.1701
HAWK-260,Cal,42.55970001,-122.2789993,23923530,1696.18,1405.03,6.24,64.7442
HAWK-262,Cal,47.00880051,-121.6179962,23981025,1121.63,1850.66,3.83,61.1505
HAWK-263,Cal,48.70660019,-121.1419983,24256869,1073.08,2460.94,6.31,9.3807
HAWK-264,Cal,46.04520035,-121.7570038,24505512,1305.98,2581.45,5.4,17.3772
HAWK-265,Cal,43.85419846,-122.1269989,23752538,1147.58,1825.65,7.36,32.2182
HAWK-266,Cal,43.87310028,-122.0739975,23752560,1299.7,1917.13,4.88,189.8001
HAWK-267,Cal,45.26699829,-121.9420013,23736455,687.75,2234.54,7.24,30.7395
HAWK-268,Cal,45.27560043,-121.9420013,23735847,725.54,1934.74,6.52,221.0472
HAWK-269,Cal,47.63059998,-121.3099976,23963233,1047.42,3181.11,4.79,41.6061
HAWK-27,Cal,43.83940125,-115.5319977,23377402,1432.89,964.99,4.65,770.2119
HAWK-270,Cal,45.05830002,-123.8929977,23877179,256.17,2783.36,9.99,12.9942
HAWK-271,Cal,42.27690125,-124.0400009,23949695,296.6,3115.32,11.64,56.5857
HAWK-272,Cal,47.68099976,-121.3889999,23963137,619.52,3122.71,5.81,110.4903
HAWK-275,Cal,45.78779984,-121.7990036,24505842,435.83,2549.61,8.33,32.8059
HAWK-277,Cal,45.72930145,-121.6940002,24505996,658.26,1550.07,8.62,9.54
HAWK-278,Cal,46.48189926,-121.4960022,23743942,1442.01,1878.82,3.47,16.974
HAWK-279,Cal,44.2181015,-122.1669998,23774053,1150.83,2532.98,8.32,8.5977
HAWK-28,Cal,43.66120148,-115.8339996,23382557,1371.54,716.96,6.9,39.8988
HAWK-280,Cal,43.73880005,-122.4860001,23753434,409.19,1563.35,9.96,5.3127
HAWK-282,Cal,47.0821991,-121.4440002,23981197,1083.44,1593.29,4.25,65.9466
HAWK-283,Cal,48.18519974,-121.4990005,24265475,920.87,3469.3,7.01,10.8009
HAWK-284,Cal,48.15380096,-121.2549973,24265121,860.95,2544.79,3.26,102.4425
HAWK-285,Cal,46.06219864,-122.2919998,24242845,481.4,3196.55,9.52,3.7494
HAWK-286,Cal,42.70949936,-124.3180008,23921110,414.26,3734.96,11.53,7.4115
HAWK-287,Cal,43.12889862,-123.8249969,23915143,506.37,1926.25,10.83,42.5547
HAWK-288,Cal,42.71849823,-124.2060013,23920570,411.98,3964.76,11.43,24.6078
HAWK-289,Cal,39.85900116,-113.7949982,10682474,1602.08,455.06,6.39,16.9272
HAWK-29,Cal,43.41960144,-115.2720032,23386459,1530.51,716.94,5.47,346.1706
HAWK-290,Cal,39.81560135,-113.8170013,10682504,2052.8,324.99,8.76,3.2346
HAWK-291,Cal,39.74710083,-113.8960037,10683178,2417.42,467.6,5.65,32.6052
HAWK-292,Cal,39.72439957,-113.9179993,10683176,2531.12,459.56,5.82,26.118
HAWK-293,Cal,39.7942009,-113.8850021,10682632,2409.85,521.36,4.85,22.563
HAWK-294,Cal,38.97520065,-114.2480011,10409530,2983.41,696.69,2.64,22.6935
HAWK-295,Cal,39.00889969,-114.3089981,10407586,3111.19,675.93,2.85,13.8852
HAWK-296,Cal,39.49679947,-114.6380005,11340177,2316.25,425.4,4.99,12.5136
HAWK-297,Cal,39.4620018,-114.6500015,11337753,2441.85,465.77,4.48,4.1418
HAWK-298,Cal,39.40010071,-114.6190033,11338023,2876.8,676.35,1.19,12.2913
HAWK-299,Cal,38.79330063,-116.8590012,11125301,2373.56,599.86,3.28,32.0841
HAWK-3,Cal,36.37670135,-104.9889984,20060156,2160.9,684.34,5,159.6717
HAWK-30,Cal,43.78680038,-114.961998,23387087,2114.27,1177.03,2.77,55.4094
HAWK-301,Cal,38.89310074,-117.2639999,10696951,2354.05,525.76,4.6,40.8726
HAWK-302,Cal,39.16529846,-114.2190018,10407094,2107.95,464.26,5.39,59.3532
HAWK-303,Cal,38.8742981,-117.4250031,11179085,2437.62,482.86,4.93,18.99
HAWK-304,Cal,38.93239975,-117.3840027,11178927,2455.76,513.89,4.49,13.1625
HAWK-305,Cal,38.89820099,-117.375,11178979,2650.11,582.8,3.56,9.4635
HAWK-306,Cal,39.10990143,-116.7919998,11123045,2456.97,529.44,5.09,41.3127
HAWK-307,Cal,38.86439896,-116.6230011,11124943,2610.5,543.73,4.93,10.6677
HAWK-308,Cal,39.35419846,-116.4420013,11122601,2534.06,361.44,6.21,14.2083
HAWK-309,Cal,39.13010025,-116.4160004,11123015,2376.8,352.95,6.74,39.5136
HAWK-31,Cal,43.65010071,-114.5240021,23251687,2156.61,878.06,2.71,146.8008
HAWK-310,Cal,38.79219818,-116.5270004,11385676,2419.78,522.88,5.22,14.7753
HAWK-311,Cal,39.5666008,-114.6070023,11335523,2555.87,440.93,5.4,11.2788
HAWK-312,Cal,39.46920013,-114.6009979,11337729,2543.75,405.83,5.34,3.7872
HAWK-313,Cal,39.19580078,-114.6949997,11339059,2240.45,508.33,4.13,32.6268
HAWK-314,Cal,38.94300079,-117.310997,10696935,2922.28,580.43,3.52,2.3346
HAWK-315,Cal,38.97180176,-117.2610016,10696925,2473.21,463.7,5.45,9.234
HAWK-316,Cal,39.15280151,-117.2139969,11177725,2684.29,596.65,4.33,10.584
HAWK-317,Cal,39.6026001,-114.5699997,11336317,2176.89,406.82,6,41.7789
HAWK-319,Cal,38.92649841,-114.2570038,10409536,2976.03,644.52,3.95,6.8049
HAWK-32,Cal,43.7859993,-113.9400024,23240420,2818.61,906.91,0.73,8.1063
HAWK-320,Cal,39.05239868,-114.314003,10407448,2749.01,560.55,4.9,8.3259
HAWK-328,Cal,44.26890182,-103.8460007,5482191,1829.02,675.21,4.62,37.4769
HAWK-329,Cal,44.06990051,-104.0390015,9385393,1966.82,658.73,3.83,26.3925
HAWK-33,Cal,44.22019958,-114.7870026,23479385,2491.72,800.54,2.18,18.2988
HAWK-330,Cal,44.14440155,-103.8460007,17532989,1975.74,653.67,3.78,27.4833
HAWK-335,Cal,44.32770157,-103.9889984,5481949,1845.49,668.16,4.47,28.9683
HAWK-337,Cal,43.89860153,-103.5360031,14396008,1547.88,575.56,6.19,14.3163
HAWK-338,Cal,43.78219986,-103.4059982,14396468,1458.49,530.12,6.99,30.1707
HAWK-339,Cal,43.82820129,-103.4580002,14396300,1554.66,558.46,6.89,27.5175
HAWK-34,Cal,44.78139877,-114.3010025,23480499,2455.06,835.81,1.88,6.3432
HAWK-341,Cal,39.32699966,-122.8300018,8308998,777.49,1458.96,11.89,27.1368
HAWK-343,Cal,39.53829956,-122.8610001,8305416,1132.43,1577.49,11.69,11.8818
HAWK-345,Cal,39.52890015,-122.8479996,8305428,997.3,1074.9,11.67,113.04
HAWK-346,Cal,39.49349976,-122.862999,8308060,875.75,1546.13,12.36,22.4289
HAWK-348,Cal,39.31909943,-122.8440018,8309034,877.76,1335.78,13.41,9.1413
HAWK-349,Cal,41.14239883,-122.6449966,8242216,1383.8,1559.72,10.4,4.8393
HAWK-35,Cal,45.31430054,-113.8030014,23503870,1829.77,855.74,2.62,44.8731
HAWK-350,Cal,40.93700027,-123.1539993,8243440,1480.37,1432.76,9.48,14.4882
HAWK-351,Cal,38.51789856,-120.2129974,17053540,1929.9,1464.6,7.28,57.6675
HAWK-352,Cal,38.76129913,-120.1070023,14982536,2085.9,1314.75,5.35,17.0946
HAWK-354,Cal,38.6473999,-119.9980011,17053858,2555.22,1367.68,4.51,10.9251
HAWK-355,Cal,38.78020096,-119.9980011,8944559,2376.98,1268.05,5.02,10.1682
HAWK-357,Cal,38.87060165,-119.9300003,8944519,2576.05,821.99,4.82,4.7529
HAWK-358,Cal,39.01869965,-120.1529999,8941743,2170.68,1650.74,5.83,14.3109
HAWK-36,Cal,44.57139969,-113.3939972,23512980,2203.99,635.72,1.52,133.254
HAWK-360,Cal,38.72969818,-120.0169983,8943969,2582.27,1316.88,4.48,12.1644
HAWK-361,Cal,39.22119904,-120.098999,8941661,2325.84,1398.61,5.83,6.3126
HAWK-362,Cal,39.11220169,-119.9420013,8942497,2011.65,662.62,6.58,16.5573
HAWK-363,Cal,38.85490036,-119.9469986,8944545,2635.6,939.89,4.55,7.6887
HAWK-364,Cal,39.10910034,-120.1719971,8941693,2027.59,1492.71,6.26,30.4992
HAWK-365,Cal,38.85630035,-119.9400024,8944533,2501.23,861.06,4.47,10.7946
HAWK-367,Cal,38.14920044,-120.1220016,343481,1424.24,1447.85,6.72,144.7371
HAWK-368,Cal,38.07249832,-120.1039963,17074635,1602.3,1173.91,10.56,11.7198
HAWK-369,Cal,41.09339905,-122.112999,7960919,729.73,1821.92,11.53,8.5788
HAWK-37,Cal,44.07130051,-113.2099991,23233059,1906.1,689.29,1.47,45.0918
HAWK-370,Cal,41.45190048,-121.8939972,948020898,1784.02,1219.86,7.08,10.7073
HAWK-371,Cal,38.41609955,-119.7399979,346305,2225.19,1479.15,3.66,61.686
HAWK-375,Cal,41.91540146,-120.887001,2557039,1494.77,531.71,7.18,231.6528
HAWK-377,Cal,40.23740005,-123.0790024,8235160,1184.09,1567.87,10.21,49.1769
HAWK-378,Cal,40.49549866,-123.0339966,8234604,1086.84,1408.54,10.62,15.3405
HAWK-379,Cal,41.38570023,-121.0370026,7925095,1407.8,463.79,7.61,3930.6627
HAWK-380,Cal,41.44319916,-121.0139999,7925033,1419.66,452.93,8.5,88.0758
HAWK-381,Cal,41.36180115,-120.2819977,7928665,2125.45,842.91,4.03,12.7683
HAWK-382,Cal,41.09640121,-122.1350021,7960907,961.93,1651.66,12.58,4.1877
HAWK-386,Cal,39.71839905,-120.6399994,8041805,1756.13,1626.59,7.81,26.7822
HAWK-387,Cal,39.73149872,-120.7249985,8040307,1910.52,1768.05,7.85,5.3577
HAWK-388,Cal,39.80369949,-120.8130035,8039745,1530.73,1708.34,8.2,51.4584
HAWK-389,Cal,40.38589859,-121.3399963,2772782,1690.73,1421.49,7.4,20.493
HAWK-390,Cal,40.16650009,-121.6009979,8020610,1212.32,1525.97,9.13,316.3509
HAWK-391,Cal,40.22359848,-121.4120026,8020498,2015.48,1752.59,7.61,5.2254
HAWK-392,Cal,40.40019989,-121.439003,2772712,1880.31,2388.97,6.46,26.6778
HAWK-393,Cal,40.20199966,-121.5080032,8021380,1615.53,1765.04,9.04,16.1064
HAWK-394,Cal,41.15710068,-120.262001,7930205,2087.95,667.44,5.37,1.8918
HAWK-396,Cal,41.16109848,-120.2890015,7930225,1896.05,622.2,5.69,14.4036
HAWK-398,Cal,41.27389908,-120.2720032,7929215,1999.75,788.29,4.55,45.882
HAWK-399,Cal,41.17589951,-120.2050018,7930055,2216.84,762.45,4.98,38.5326
HAWK-40,Cal,47.87279892,-116.1050034,24374416,1052.39,1271.49,5.38,14.202
HAWK-400,Cal,39.58520126,-120.8089981,8058251,1157.12,1890.96,8.77,62.5257
HAWK-401,Cal,39.5992012,-120.5100021,8058173,2127.41,1662.38,6.31,11.5695
HAWK-402,Cal,39.61589813,-120.5080032,8058075,2014.55,1582.79,6.7,8.2476
HAWK-403,Cal,39.43159866,-120.2419968,8933524,1967.14,994.58,5.62,24.2775
HAWK-404,Cal,39.06299973,-120.2679977,14992727,2228.44,1444.5,6.44,6.9093
HAWK-405,Cal,40.49039841,-121.0849991,20294477,1890.46,1103.06,6.18,58.6584
HAWK-406,Cal,40.54639816,-121.1309967,20291239,1932.62,1147.63,6.21,53.4555
HAWK-407,Cal,38.81370163,-120.2259979,14983378,2239.06,1327.23,6.23,17.3331
HAWK-409,Cal,38.87239838,-120.7429962,14981580,823.09,1280.87,14.18,9.612
HAWK-41,Cal,48.83459854,-116.8860016,22988857,1065.75,1372.24,4.41,28.3878
HAWK-410,Cal,40.45080185,-121.3669968,2772588,1891.33,2174.09,6.35,46.9215
HAWK-411,Cal,40.05020142,-120.3690033,8027050,1810.26,622.78,6.84,23.5143
HAWK-412,Cal,39.64279938,-120.9229965,8057997,1503.43,1892.29,9.13,62.8605
HAWK-413,Cal,39.85829926,-120.8669968,8039333,1353.57,801.77,7.99,2267.0334
HAWK-414,Cal,40.53079987,-121.552002,2764526,2053,1965.98,5.54,19.6704
HAWK-415,Cal,40.47909927,-121.5950012,2765948,2129.86,1625.23,6.29,12.4191
HAWK-416,Cal,40.10020065,-121.6689987,8020764,1071.42,1539.2,12.38,22.4361
HAWK-417,Cal,39.13800049,-120.4749985,14992341,1787.52,1757.76,8.15,24.3954
HAWK-418,Cal,39.1794014,-120.7269974,14992103,986.16,1729.52,8.67,334.692
HAWK-419,Cal,38.51139832,-120.3359985,17053262,1485.92,1262.64,11.04,13.9131
HAWK-42,Cal,47.04219818,-116.7180023,23460319,1110.88,973.61,6.78,11.8764
HAWK-420,Cal,40.46080017,-121.4629974,2772562,2206.36,2694.08,5.74,13.6323
HAWK-421,Cal,40.49869919,-121.4280014,7954274,2098.17,2240.15,6.16,2.0367
HAWK-422,Cal,40.53969955,-121.4919968,7952774,1920.71,1486.24,6.5,40.6053
HAWK-423,Cal,39.37789917,-122.6539993,7994631,564.27,1379.42,10.79,82.6416
HAWK-424,Cal,39.39559937,-122.8619995,8308598,955.32,1482.84,12.25,6.9696
HAWK-425,Cal,39.42959976,-122.8440018,8308468,1057.99,1514.97,12.03,7.4358
HAWK-426,Cal,39.98870087,-123.0500031,8294601,1383.7,1992.54,9.29,30.0762
HAWK-427,Cal,37.42490005,-119.5950012,17099749,1699.15,1125.8,10.87,5.4864
HAWK-429,Cal,37.51279831,-119.4240036,17113025,2352.16,1276.73,5.88,16.1757
HAWK-43,Cal,46.27180099,-116.6949997,23607630,1120.63,661.84,7.17,86.427
HAWK-430,Cal,37.52410126,-119.4639969,21610533,2488.75,1324.92,6.14,11.7405
HAWK-431,Cal,37.57770157,-119.6790009,21610265,1703.16,1120.34,9.32,38.5587
HAWK-432,Cal,37.6894989,-119.7040024,21609789,1872.09,1055.02,9.06,11.8521
HAWK-433,Cal,37.62120056,-119.677002,21610105,1937.47,1079.45,9.79,6.2118
HAWK-434,Cal,36.64870071,-118.8000031,14917715,2337.02,1299.03,5.77,17.3196
HAWK-435,Cal,36.54489899,-118.8949966,14917927,885.53,915.4,12.43,49.5675
HAWK-437,Cal,35.95299911,-118.4150009,14971713,2089.43,784.08,7.38,17.0901
HAWK-439,Cal,35.48059845,-118.6800003,14946858,1477.66,629.92,11.82,23.1948
HAWK-44,Cal,46.02030182,-115.6019974,23582089,1385.36,1121.69,5.74,22.8717
HAWK-440,Cal,38.30059814,-119.9339981,346855,1982.81,1440.19,6.99,12.0456
HAWK-443,Cal,38.42010117,-119.75,346279,2389.69,1510.94,4.24,20.6442
HAWK-446,Cal,38.49399948,-119.8929977,17059032,2568.52,1637.23,4.27,2.5632
HAWK-447,Cal,38.25559998,-119.737999,347541,2422.21,1586.13,3.2,41.1822
HAWK-448,Cal,36.54740143,-118.8980026,14917925,764.56,998.56,10.55,231.489
HAWK-449,Cal,36.34989929,-118.75,14922771,1492.59,1035.02,6.89,74.5542
HAWK-45,Cal,45.77880096,-115.2180023,23598045,1560.06,991.61,4.51,10.1853
HAWK-450,Cal,36.52000046,-118.7600021,14918241,1190.5,1055.58,6.74,228.4956
HAWK-452,Cal,36.78929901,-118.5510025,22058885,1870.4,964.3,2.08,353.1447
HAWK-454,Cal,37.5381012,-119.6169968,21610453,1520.94,1336.61,5.85,180.9171
HAWK-455,Cal,37.75989914,-119.5289993,21609379,1887.26,1309.66,4.76,70.8651
HAWK-456,Cal,37.8091011,-119.8550034,17081909,1456.87,1134.37,9.06,123.0579
HAWK-457,Cal,37.88499832,-119.3850021,17081739,2643.62,1114.99,1.66,239.3604
HAWK-458,Cal,37.85369873,-119.5739975,21609171,2431.96,1447.78,4,36.657
HAWK-459,Cal,37.87810135,-119.2509995,17082155,3031.17,1183.79,1.19,27.0288
HAWK-461,Cal,37.51100159,-119.2009964,17113015,1951.01,1089.54,4.42,650.9844
HAWK-462,Cal,37.73920059,-119.0500031,20272655,2750.91,760.18,3.77,14.7231
HAWK-463,Cal,37.70650101,-119.0449982,20272509,2662.46,844.18,3.51,17.2215
HAWK-464,Cal,37.55049896,-118.8720016,20274287,3063.84,1177.09,1.45,14.7573
HAWK-465,Cal,37.74100113,-118.7600021,20275047,2540.19,493.64,5.3,8.1576
HAWK-466,Cal,37.55479813,-118.1709976,19858464,3065.73,532.42,0.35,26.811
HAWK-468,Cal,36.71820068,-118.2659988,20267041,1701.13,696.85,5.13,44.0424
HAWK-469,Cal,35.97869873,-118.487999,14971663,1381.38,810.2,5.01,2031.2604
HAWK-47,Cal,42.59170151,-116.9779968,23350483,1550.41,593.33,6.86,256.4775
HAWK-471,Cal,34.16350174,-116.8330002,22559686,2427.36,1036.29,6.3,18.4869
HAWK-472,Cal,34.19020081,-117.1809998,22555028,906.05,788.61,14.66,11.466
HAWK-473,Cal,34.18389893,-117.6259995,22555088,1071.19,1073.48,12.28,17.793
HAWK-475,Cal,34.24950027,-117.5179977,22557786,1220.4,1131.29,11.94,29.6172
HAWK-476,Cal,33.86489868,-116.6869965,22591881,1091.37,538.44,11.79,20.1672
HAWK-477,Cal,34.06430054,-116.8199997,22590047,2458.55,1064.75,7.01,7.5186
HAWK-478,Cal,34.26610184,-117.7460022,22524611,1015.09,846.35,11.51,133.7634
HAWK-479,Cal,34.23070145,-117.7490005,22524653,932.29,902.74,13.45,48.5613
HAWK-48,Cal,42.26119995,-116.8679962,23315892,1382.17,399.15,6.82,5441.7276
HAWK-480,Cal,34.24290085,-117.947998,22522825,769.12,889.35,14.83,118.9305
HAWK-481,Cal,34.27149963,-117.8909988,22522723,806.65,899.48,14.32,17.9001
HAWK-482,Cal,34.2521019,-117.8830032,22522795,636.62,853.21,13.83,69.3729
HAWK-483,Cal,34.53879929,-119.1600037,17568111,1135.7,802.81,13.77,23.6736
HAWK-484,Cal,34.67440033,-119.2959976,17637988,1334.13,707.1,12.53,12.5505
HAWK-485,Cal,34.69459915,-118.9199982,17569207,1565.58,587.34,10.93,402.2784
HAWK-486,Cal,34.51750183,-119.3779984,17585756,677.83,1058.6,14.39,32.1291
HAWK-487,Cal,35.93619919,-121.4660034,8190141,213.46,978.57,14.29,13.2381
HAWK-488,Cal,36.32559967,-121.7890015,8188811,475.63,1179.9,14.19,36.315
HAWK-489,Cal,36.21310043,-121.5339966,8203489,496.77,846.3,14.77,8.8155
HAWK-490,Cal,34.74610138,-119.7040024,17626441,1037.98,721.92,13.01,64.9458
HAWK-492,Cal,41.84590149,-124.0289993,22226750,424.97,2557.02,12.12,2.5191
HAWK-493,Cal,41.86349869,-123.8550034,22227592,494.01,2484.21,11.54,9.0729
HAWK-495,Cal,41.64189911,-123.8059998,22228040,462.98,3294.6,10.85,61.6833
HAWK-499,Cal,41.61389923,-123.2809982,4439616,1345.29,2076.57,8.71,37.5273
HAWK-5,Cal,36.76679993,-105.3929977,17863302,3160.57,713.6,3.05,31.6476
HAWK-50,Cal,42.34230042,-115.6449966,23284291,1344,437.73,6.21,2678.5503
HAWK-502,Cal,40.03329849,-124.0220032,2545549,587.63,2414.63,12.82,16.5834
HAWK-503,Cal,41.73659897,-123.5479965,4439208,727.56,2171.09,10.6,40.7151
HAWK-504,Cal,41.73479843,-123.5469971,4439224,671.99,2882.5,10.11,159.5943
HAWK-506,Cal,41.31219864,-123.0090027,8257801,1462.59,1438.89,7.54,25.9992
HAWK-507,Cal,41.44219971,-123.3479996,8257397,645.46,1822.09,10.11,250.1883
HAWK-509,Cal,40.66189957,-123.4919968,8232336,836.91,1335.88,11.37,50.8392
HAWK-51,Cal,42.02780151,-115.2160034,23284673,1806.71,554.79,5.13,117.8433
HAWK-511,Cal,40.63270187,-123.387001,8232448,852.17,1199.1,11.94,3.2517
HAWK-512,Cal,41.09840012,-122.7860031,8242392,1447.76,1809.05,8.34,29.0061
HAWK-514,Cal,32.90940094,-116.5749969,20332758,1287.72,713.99,12.9,58.9059
HAWK-515,Cal,32.83679962,-116.5360031,20325005,1112.1,651.47,12.5,92.6559
HAWK-516,Cal,33.74750137,-117.6389999,22561262,649.2,542.19,17.21,26.8092
HAWK-517,Cal,33.74649811,-117.6100006,22561262,649.2,542.19,17.21,26.8092
HAWK-520,Cal,32.69979858,-116.4800034,20325295,1071.82,534.29,13.2,121.6485
HAWK-521,Cal,33.47610092,-117.461998,20351601,385.39,506.17,17.57,167.5512
HAWK-523,Cal,32.76210022,-116.4509964,20325141,1326.84,645.97,12.15,33.9507
HAWK-524,Cal,32.86330032,-116.5149994,20324989,1184.89,639.95,12.1,41.5341
HAWK-525,Cal,33.42459869,-117.2480011,22548429,248.82,456.26,17.97,51.084
HAWK-527,Cal,32.67210007,-116.5680008,20325349,706.26,547.43,13.44,322.0146
HAWK-528,Cal,33.67459869,-117.5469971,20348207,584.04,562.49,16.71,31.7997
HAWK-53,Cal,42.07640076,-114.25,23184997,2073.13,719.78,5.15,12.2769
HAWK-530,Cal,33.38800049,-117.3259964,22548509,428.42,487.74,17.34,18.7497
HAWK-531,Cal,33.47290039,-117.4649963,20350739,349,522.28,17.04,34.7139
HAWK-532,Cal,32.79159927,-116.4950027,20325127,1214.27,647.99,12.66,31.1886
HAWK-533,Cal,33.08560181,-116.9160004,20330890,319.84,554.48,15.67,332.3718
HAWK-534,Cal,32.80739975,-116.4400024,20325057,1560.56,656.45,11.68,9.9477
HAWK-535,Cal,33.4917984,-117.2470016,22548207,422.69,490.03,17.92,6.8301
HAWK-536,Cal,33.45890045,-117.2910004,22548347,278.65,508.19,17.77,26.4798
HAWK-538,Cal,33.12599945,-116.8040009,20329660,738.51,637.67,15.23,42.093
HAWK-539,Cal,32.96300125,-116.663002,20332536,969.67,731.67,13.16,64.1736
HAWK-54,Cal,44.63980103,-111.2559967,24460782,2358.72,941.86,2.03,12.5622
HAWK-540,Cal,33.56420135,-117.564003,20348729,174.69,440.93,17.89,53.4771
HAWK-543,Cal,33.10499954,-116.8929977,20330882,355.11,446.32,16.73,17.5851
HAWK-55,Cal,42.93330002,-111.3799973,23148814,2237.98,760.59,3.96,2.0763
HAWK-56,Cal,42.47159958,-111.4850006,4472031,2128.62,831.2,4.15,12.7998
HAWK-57,Cal,39.24399948,-107.6780014,3180774,2606.75,750.5,3.05,143.0928
HAWK-58,Cal,39.88999939,-107.3239975,1344618,3258.94,1122.4,0.88,16.0596
HAWK-59,Cal,39.85250092,-107.3150024,1344748,2932.71,982.27,1.32,7.3782
HAWK-6,Cal,36.10329819,-105.487999,17864924,2821.86,1025.9,3.15,25.1712
HAWK-60,Cal,39.69430161,-107.586998,3175056,2364.16,756.62,4.17,76.0041
HAWK-61,Cal,40.91500092,-106.8789978,18280019,2672.86,1122.73,2.44,45.4671
HAWK-63,Cal,33.23040009,-108.2679977,2430292,1846.98,619.12,9.18,282.933
HAWK-67,Cal,33.23960114,-108.8799973,21358629,1560.27,526.73,9.38,4285.3761
HAWK-68,Cal,33.07989883,-108.4789963,2430608,1618.86,522.28,9.64,4642.4601
HAWK-69,Cal,33.37820053,-108.5690002,2429964,2599.02,941.83,6.7,26.1756
HAWK-7,Cal,35.92369843,-105.8610001,17866774,2547.72,782.54,4.71,51.9462
HAWK-70,Cal,33.47909927,-109.4769974,21321687,1729,594.83,10.21,267.102
HAWK-71,Cal,33.32559967,-109.189003,21355585,1356.35,582.28,10.08,1259.9046
HAWK-72,Cal,33.73880005,-109.0889969,21351807,2110.07,619.97,7.49,157.7754
HAWK-73,Cal,33.96860123,-109.0830002,20586710,2696.86,670.62,5.68,10.9773
HAWK-74,Cal,34.01060104,-109.2789993,20585396,2620.65,656.98,5.99,14.5521
HAWK-75,Cal,33.95769882,-109.5179977,20587036,2906.82,943.69,4.15,17.1207
HAWK-76,Cal,36.07799911,-108.9229965,1411709,2472.9,596.63,6.9,30.6738
HAWK-77,Cal,36.15200043,-109.0169983,1409871,2341.11,545.45,7.31,10.8549
HAWK-78,Cal,36.45299911,-109.1549988,1408989,2550.46,551.21,7.02,18.3222
HAWK-79,Cal,36.34550095,-109.1110001,1409323,2393.18,603.85,6.87,59.3325
HAWK-80,Cal,36.27180099,-109.0370026,1409525,2600.51,595.95,6.82,36.531
HAWK-82,Cal,35.92350006,-106.7949982,17826076,2500.29,735.21,4.83,216.7731
HAWK-83,Cal,36.0984993,-106.7289963,17848136,2600.53,841.52,5.03,45.1071
HAWK-85,Cal,38.09949875,-111.8889999,10806661,2402.24,624.88,3.8,230.6268
HAWK-86,Cal,37.79719925,-111.413002,3277833,1749.17,265.85,10.37,24.8508
HAWK-87,Cal,38.00469971,-111.4629974,3276997,2691.75,659.55,2.16,64.7199
HAWK-88,Cal,38.10269928,-111.3420029,4901115,3070.4,613.18,2,40.9671
HAWK-89,Cal,38.28499985,-111.1279984,4900817,1570.92,446.62,5.55,2761.2846
HAWK-9,Cal,39.23379898,-114.1559982,10406910,2643.01,534.99,3.84,39.0726
HAWK-91,Cal,37.79710007,-109.5130005,1399314,2718.07,762.69,4.67,17.3655
HAWK-92,Cal,38.68299866,-109.3550034,3378687,1760.18,372.41,10.58,81.1773
HAWK-93,Cal,40.14300156,-111.3399963,10348964,1969.02,703.85,5.88,68.7744
HAWK-94,Cal,40.59880066,-111.0930023,10374230,2409.87,1042.17,2.42,63.774
HAWK-95,Cal,40.8885994,-110.5360031,3199240,2961.57,903.63,0.01,125.0856
HAWK-97,Cal,37.85200119,-104.9850006,1425416,2747.25,861.19,4.36,15.6663
HAWK-98,Cal,37.42060089,-104.9759979,1427570,2599.41,736.32,3.76,19.0746
HAWK-99,Cal,37.61380005,-105.4720001,1424118,3469.08,801.06,0.89,33.7923
R6REM-1,Cal,36.1815,-106.849,17847496,2536.2,774.32,5.23,21.1644
R6REM-11,Cal,33.081,-108.457,2430604,1815.41,522.32,9.63,4626.5121
R6REM-4,Cal,36.1127,-106.47,17848914,2745.11,685.04,5.24,22.0653
R6REM-6,Cal,36.6392,-106.215,17843878,2787.24,751.7,3.4,128.1078
R6REM-8,Cal,33.2816,-108.467,2430192,2362.1,732.49,8,93.5298
WE-100,Cal,40.65679932,-123.9800034,2703093,414.16,1708.45,12.3,68.2119
WE-1002,Cal,47.61560059,-121.0210037,23081320,1324.3,2025.85,3.49,54.2088
WE-1003,Cal,47.41809845,-120.5080032,23081548,694.16,677.54,6.83,103.14
WE-1004,Cal,47.87689972,-121.0419998,23081060,784.35,2153.33,4.82,43.1361
WE-1005,Cal,47.42250061,-120.7279968,23081698,1181.28,1056.72,5.12,31.5864
WE-1028,Cal,44.50389862,-110.1169968,12792773,2773.8,951.24,0.37,8.9829
WE-1031,Cal,44.5428009,-109.3830032,12794019,2086.1,740.56,1.1,56.1438
WE-1033,Cal,44.76029968,-107.2639999,5336903,1915.25,663.88,2.69,89.4168
WE-1036,Cal,43.64640045,-107.3789978,12830684,1621.56,471.34,5.2,483.2316
WE-1047,Cal,44.12139893,-107.4369965,12828900,1635.44,464.63,5.6,47.16
WE-1055,Cal,42.59220123,-108.5159988,12883298,2015.45,368.77,4.7,80.4483
WE-1061,Cal,43.24359894,-109.9110031,18346893,3087.47,903.82,-0.79,11.0106
WE-1065,Cal,43.2818985,-109.401001,12900300,2446.82,738.53,0.2,140.058
WE-1066,Cal,42.87189865,-109.4469986,18328922,2983.26,861.16,0.03,36.1971
WE-1078,Cal,41.08280182,-106.7969971,15984679,2602.3,1152.95,2.15,306.1152
WE-1079,Cal,41.65280151,-106.3130035,15968351,2219.93,535.13,4.08,100.6686
WE-108,Cal,32.8993988,-116.5879974,20332896,1164.53,700.76,13.15,70.9074
WE-1082,Cal,41.01779938,-110.387001,3196672,2727.22,768.81,0.61,143.4258
WE-1085,Cal,43.81869888,-107.2490005,12830296,1842.11,504.01,4.86,71.4096
WE-110,Cal,34.17610168,-116.9850006,22558770,1445.98,696.16,10.76,7.6275
WE-118,Cal,39.71609879,-121.6350021,2770322,281.09,1278.45,16.41,13.2516
WE-121,Cal,41.3368988,-122.4079971,7964833,1336.02,1140.13,9.62,65.6154
WE-126,Cal,37.54999924,-118.7600021,20274387,3057.07,838.95,1.95,31.3884
WE-131,Cal,39.44219971,-122.6360016,7994263,729.22,1057.48,12.25,36.4671
WE-133,Cal,34.25469971,-118.0849991,22520971,1413.62,948.62,14.17,5.8491
WE-134,Cal,34.66939926,-119.7539978,17609583,936.44,962.02,13.79,8.1126
WE-135,Cal,32.92969894,-116.5589981,20332676,1335.35,779.48,12.72,8.37
WE-138,Cal,33.72940063,-116.6729965,22536088,2076.12,666.83,10.42,5.7006
WE-14,Cal,33.71260071,-110.8470001,22441318,931.76,570.98,15.54,37.854
WE-141,Cal,33.33670044,-116.8290024,20343057,1339.06,660.87,13.18,26.7147
WE-142,Cal,34.42169952,-119.3809967,17586740,252.57,806.13,16.12,28.1835
WE-145,Cal,38.87530136,-122.8820038,8271831,854.93,1194.14,14.09,4.3326
WE-148,Cal,39.58779907,-122.9160004,8305328,1557.26,1861.7,9.08,14.2092
WE-151,Cal,40.69779968,-123.3639984,8232248,894.58,1251.26,11.22,56.5164
WE-153,Cal,41.86169815,-122.2070007,362083,1843.11,905.99,7.07,36.63
WE-159,Cal,42.00310135,-122.7630005,359295,1320.92,1105.61,7.66,25.2405
WE-161,Cal,38.31079865,-119.3430023,8914957,2332.42,657.37,4.64,29.1807
WE-162,Cal,40.98059845,-122.5070038,7966059,1117.54,2003.73,12.7,14.2713
WE-163,Cal,33.76060104,-116.5490036,22592131,751.96,371.83,14.9,23.1543
WE-165,Cal,37.04439926,-121.7289963,17661455,383.63,906.35,14.91,6.3198
WE-174,Cal,34.55720139,-119.2490005,17568579,1135.79,1049.39,13.05,156.9537
WE-177,Cal,37.32889938,-121.6740036,2810225,717.67,658.15,13.63,46.9899
WE-178,Cal,40.67580032,-121.7279968,2764306,1546,1372.16,8.4,20.6505
WE-186,Cal,41.11819839,-123.8160019,4442010,635.15,2898.76,12.58,13.4865
WE-187,Cal,34.1814003,-116.9120026,22558750,1776.42,799.18,8.07,16.8687
WE-191,Cal,34.25249863,-117.5319977,22557786,1220.4,1131.29,11.94,29.6172
WE-194,Cal,34.74720001,-119.7160034,17626437,993.64,730.3,13.13,77.5215
WE-196,Cal,34.73279953,-119.6760025,17626489,1221.18,900.29,12.83,25.0092
WE-20,Cal,33.59189987,-109.3219986,21352097,2565.26,791.47,6.74,7.7031
WE-200,Cal,39.7118988,-122.8410034,8297445,1664.22,1215.31,9.16,34.272
WE-202,Cal,40.90330124,-123.0139999,8243780,1393.64,1451,9.23,8.3871
WE-203,Cal,40.29079819,-123.4550018,2706393,1026.03,1644.94,10.99,23.8707
WE-206,Cal,40.60279846,-122.9110031,8245974,696.65,1122.06,11.35,80.6058
WE-209,Cal,39.44169998,-122.8199997,8308404,1083.93,1550.69,11.77,3.0474
WE-21,Cal,36.11780167,-112.0830002,20735483,1171.98,586.72,8.81,173.4354
WE-210,Cal,41.15439987,-123.5690002,8240980,892.25,2126.57,10.53,43.3305
WE-211,Cal,41.32889938,-122.8430023,3801139,1051.42,1030.45,9.14,37.1511
WE-22,Cal,34.29190063,-110.8130035,22437550,2131.1,799.87,9.58,17.856
WE-220,Cal,41.09189987,-122.2009964,7960933,677.81,1582.49,10.29,238.5018
WE-221,Cal,34.69530106,-119.9089966,17609433,795.43,750.57,15.8,13.8285
WE-228,Cal,34.13359833,-116.8440018,22559694,2867.77,1146.36,5.89,3.114
WE-230,Cal,39.53789902,-122.8610001,8305416,1132.43,1577.49,11.69,11.8818
WE-231,Cal,39.49349976,-122.8639984,8308096,957.48,1559.91,12.26,19.5012
WE-233,Cal,40.23880005,-123.0830002,8235160,1184.09,1567.87,10.21,49.1769
WE-235,Cal,40.48870087,-123.0279999,8234604,1086.84,1408.54,10.62,15.3405
WE-237,Cal,41.84970093,-124.0329971,22226750,424.97,2557.02,12.12,2.5191
WE-241,Cal,41.01779938,-123.5930023,8241296,494.64,1698.31,11.39,97.4592
WE-244,Cal,41.31779861,-123.0599976,8257777,957.19,1342.84,8.99,260.4168
WE-280,Cal,38.43650055,-106.3730011,9773421,2992.22,705.39,0.79,51.9768
WE-284,Cal,37.48059845,-107.0979996,17030748,2873.32,1115.09,2,78.2649
WE-285,Cal,39.28540039,-106.4489975,916469,3423.07,827.56,0.03,20.8386
WE-287,Cal,39.15790176,-106.5719986,1327179,3654.96,858.77,-1.18,23.5323
WE-288,Cal,39.23460007,-107.4179993,1336366,3003.97,975.63,2.73,4.9032
WE-313,Cal,40.21689987,-105.3610001,2888638,2100,755.07,3.2,274.7052
WE-318,Cal,38.59120178,-107.4469986,3251699,2868.95,991.94,2.22,23.9166
WE-323,Cal,39.79230118,-105.5910034,2885060,2898.3,863,0.36,42.0822
WE-328,Cal,37.5945015,-105.3990021,17896331,3305.82,893.07,0.89,7.4457
WE-332,Cal,39.21519852,-106.3949966,916523,3502.28,834.81,-0.52,30.9123
WE-333,Cal,39.58000183,-107.288002,1235765,2652.34,882.63,2.31,46.2942
WE-335,Cal,37.52299881,-108.2330017,18384977,2723.18,874.87,4.29,36.9189
WE-338,Cal,46.56100082,-114.7809982,23589104,1528.58,1354.34,4.2,15.3819
WE-339,Cal,44.0340004,-115.8130035,23382493,1656.45,1079.39,5.26,42.1461
WE-340,Cal,46.75859833,-116.3560028,23632062,1021.92,1007.55,6.63,2.0691
WE-342,Cal,43.6894989,-115.0849991,23387469,2393.55,1084.09,3.3,4.2984
WE-343,Cal,48.32910156,-116.1559982,22977286,1486.25,2100.4,3.94,27.3204
WE-345,Cal,45.51290131,-113.9950027,23504460,1423.68,772.93,3.59,21.4848
WE-350,Cal,45.71369934,-115.6419983,23598143,1680.49,979.37,2.92,18.1755
WE-351,Cal,44.71089935,-113.7839966,23513354,2567.94,795.08,1.75,10.449
WE-352,Cal,43.48910141,-115.1259995,23389771,1940.94,844.95,5,1.8099
WE-356,Cal,46.62900162,-115.1640015,23624914,1669.44,1608.39,4.37,9.5886
WE-358,Cal,45.85810089,-114.9160004,23573444,1373.7,1037.59,3.96,124.4817
WE-363,Cal,46.60219955,-115.5250015,23623234,1111.68,1353.04,6.33,233.5212
WE-367,Cal,48.75669861,-116.7340012,22988807,1307.16,1694.38,2.92,40.7286
WE-372,Cal,44.13729858,-115.1869965,24158633,1826.08,1022.64,3.84,29.2455
WE-385,Cal,42.00740051,-115.2190018,23284675,1815.45,584.02,4.98,81.3285
WE-388,Cal,44.26810074,-115.875,24164169,1682.27,924.46,5.11,19.4175
WE-390,Cal,47.09780121,-115.9020004,23630536,1610.52,1671.44,4.57,11.5443
WE-397,Cal,46.97380066,-112.6230011,22913036,1592.87,627,3.84,23.8167
WE-410,Cal,48.83670044,-114.3679962,22949977,1247.03,1179.11,2.51,44.8101
WE-412,Cal,48.35359955,-113.8799973,22966476,1296.89,1236.52,3.11,43.4574
WE-414,Cal,46.29750061,-113.2269974,24310417,2070.23,1018.09,1.71,27.963
WE-419,Cal,46.16690063,-112.2070007,4331257,1900.74,596.09,2.75,54.0585
WE-431,Cal,46.6855011,-114.5579987,24319374,1426.22,1131.62,4.07,27.0801
WE-436,Cal,46.67539978,-110.4400024,12615222,2024.83,628.71,2.83,5.6934
WE-451,Cal,45.85979843,-110.8550034,4063778,1888.58,929.16,3.45,44.5617
WE-454,Cal,45.54079819,-111.8990021,3052836,2222.23,933.95,1.08,9.9171
WE-47,Cal,36.12139893,-112.0800018,20735483,1171.98,586.72,8.81,173.4354
WE-48,Cal,33.56389999,-109.1110001,21352185,1974.72,649.53,9.87,25.9848
WE-49,Cal,33.86360168,-109.3190002,20493453,2624.55,700.98,5.76,119.0394
WE-50,Cal,34.19260025,-111.0360031,22428506,1531.58,748.13,11.06,100.863
WE-544,Cal,41.71530151,-115.2279968,23198686,1974.62,697.02,4.09,45.7128
WE-557,Cal,41.74219894,-118.7160034,11303910,1841.57,455.59,5.88,9.3762
WE-56,Cal,34.55059814,-111.4029999,20435284,2032.36,756.2,9.5,74.7198
WE-571,Cal,40.90309906,-115.2229996,10787024,2208.56,650.92,5.49,6.6042
WE-58,Cal,33.68439865,-109.3960037,20494115,2413.37,781.59,6.81,66.2634
WE-583,Cal,41.87250137,-115.086998,23196464,2159.21,634.39,5.18,9.7479
WE-595,Cal,43.55450058,-122.2040024,23753746,1584.9,1993.09,4.14,10.161
WE-62,Cal,34.54169846,-118.7730026,17570115,502.88,656.5,14.94,86.8545
WE-63,Cal,37.68180084,-119.5360031,21609805,2099.67,1300.06,4.85,115.6032
WE-636,Cal,44.86339951,-122.2799988,23781021,972.29,2513.03,8.2,1.179
WE-643,Cal,44.13840103,-121.5999985,23701269,1635.25,1176.85,4.48,14.2461
WE-645,Cal,45.02470016,-119.1500015,23672587,1289.33,615.31,6.89,20.7279
WE-650,Cal,44.37469864,-119.2590027,23824095,1409.4,441.26,7.69,1.4211
WE-668,Cal,44.61869812,-119.3010025,23673649,1264.5,555.91,7,322.2648
WE-669,Cal,44.90829849,-118.3130035,23671681,1847.27,879.27,3.89,25.6428
WE-682,Cal,45.27230072,-117.4670029,23437127,2015,1491.17,2.59,37.5093
WE-691,Cal,45.05220032,-119.4530029,23671665,1286.12,544.84,6.98,25.4736
WE-694,Cal,44.96170044,-118.6070023,23672885,1703.17,691.44,5.37,2.8053
WE-695,Cal,45.30059814,-123.4759979,23876833,679.09,2544.06,9.16,7.0119
WE-715,Cal,43.98699951,-123.6399994,23889568,184.4,1474.7,11.26,637.5321
WE-719,Cal,42.69079971,-122.961998,23931182,893.37,1373.74,9.94,23.2236
WE-72,Cal,39.81209946,-120.6809998,8039609,1396.21,1504.26,8.39,71.676
WE-73,Cal,40.10749817,-122.0299988,12068226,243.7,908.14,16.24,72.2439
WE-731,Cal,42.75870132,-118.8280029,24013729,1640.06,821.17,5.47,57.1824
WE-76,Cal,34.51959991,-119.4049988,17585714,865.39,1161.68,13.82,55.8756
WE-834,Cal,40.91469955,-110.4029999,3199208,3047.05,850.57,0.03,94.2732
WE-843,Cal,39.67950058,-113.9179993,10683176,2531.12,459.56,5.82,26.118
WE-844,Cal,41.35240173,-111.6949997,10273928,1952.56,1018.86,5.08,12.3633
WE-855,Cal,41.70539856,-111.8710022,664528,1364.65,826.42,5.26,1433.9529
WE-857,Cal,40.87210083,-110.0879974,10038084,2974.85,850.81,-0.06,57.7917
WE-864,Cal,40.89500046,-110.4219971,3199234,3060.34,894.02,-0.24,65.547
WE-866,Cal,39.34230042,-109.802002,3522133,2519.58,583.1,5.5,79.3836
WE-868,Cal,40.75279999,-110.9869995,10094254,2864.61,1068.52,1.69,30.8853
WE-869,Cal,40.65800095,-109.9100037,11977425,2976.67,806.67,1.09,22.9014
WE-87,Cal,40.25419998,-123.1080017,8236312,1021.32,1751.25,10.9,34.4718
WE-874,Cal,40.63389969,-110.8880005,11976913,2943.54,1030.75,1.14,96.8949
WE-88,Cal,41.70830154,-123.1309967,3798115,1479.56,1143.43,9.69,5.355
WE-889,Cal,38.56140137,-109.5210037,3379027,1328.43,490.99,9.2,182.5794
WE-905,Cal,37.43249893,-112.9169998,10025564,1958.97,675.72,5.77,203.5341
WE-907,Cal,39.84469986,-113.8160019,10682472,2251.82,461.8,6.27,16.4106
WE-908,Cal,40.71369934,-110.1849976,11975499,2941.78,835.03,-0.58,234.8397
WE-91,Cal,41.36259842,-122.5189972,3918664,1834.49,1168.54,7.53,21.267
WE-929,Cal,46.31470108,-123.7330017,23833349,78.33,2720.85,10.29,5.6547
WE-933,Cal,47.82830048,-120.9830017,23081072,1111.18,2076.39,4.52,43.9704
WE-934,Cal,47.98419952,-120.9990005,23081904,1606.5,1962.27,3.92,3.2013
WE-942,Cal,47.63119888,-120.9690018,23081316,1139.96,1999.56,3.63,64.1124
WE-945,Cal,47.65129852,-123.3519974,24287082,1258.77,2838.86,4.69,13.0077
WE-95,Cal,41.33840179,-122.9179993,3801149,1557.1,1393.61,7.81,7.1199
WE-956,Cal,47.90890121,-120.6470032,23082132,1647.87,1079.92,3.62,2.7639
WE-960,Cal,47.9858017,-120.7679977,23081918,1026.8,1006.07,5.02,1.6173
WE-961,Cal,47.45249939,-120.7689972,23081430,1551.64,1489.31,3.23,64.9503
WE-962,Cal,47.70080185,-120.9069977,23081648,1686.65,2564.5,1.82,2.8197
WE-970,Cal,46.84469986,-121.185997,24424389,1709.96,1831.55,3.51,2.9016
WE-971,Cal,46.20899963,-121.7929993,24242137,996.33,2537.97,5.9,36.2385
WE-972,Cal,46.77709961,-121.552002,23744280,952.12,1913.9,4.53,127.2762
WE-976,Cal,47.27659988,-123.4530029,23857305,260.73,3342.24,9.88,6.8283
WE-981,Cal,47.8628006,-121.1009979,23081068,1178.6,2213.43,4.58,9.4464
WE-984,Cal,48.03269958,-120.8639984,23081858,1563.98,1499.24,3.74,1.9521
WE-986,Cal,47.62080002,-121.4950027,23970629,1044.35,3484.99,5.69,8.9505
WE-989,Cal,47.68999863,-124.1719971,23845239,274.2,3351.22,9.66,37.3338
WE-998,Cal,48.0265007,-120.8280029,23080812,1178.76,1654.78,3.34,145.1862
WE-999,Cal,47.94049835,-120.9319992,23080960,968.19,2001.6,4.54,48.5505
WSA-225,Cal,36.43579865,-105.2360001,20059534,2780.41,662.61,4.51,18.5841
